r_mean,g_mean,b_mean,area,perimeter,circularity,haralick1,haralick2,haralick3,haralick4,haralick5,label
231.43,231.75,239.74,73.5,53.899494767189026,0.3179272946524579,0.9992120260353414,5.175709240385085,0.8599490909448699,18.755425461802222,0.9997161228890247,kertas
143.6583877877498,139.8554385339722,126.18299782698796,257122.0,2147.6467485427856,0.7005246211494038,0.0013427735279899805,92.79308518757827,0.9859267497109496,3296.7153328790682,0.4201047366363929,kertas
233.66666666666666,241.66666666666666,243.66666666666666,6.0,10.828427076339722,0.6430287075658971,0.9998928781713174,1.541913507800263,0.6660023012512566,2.3077491574982774,0.9999674765557557,kertas
217.57271095152603,224.59425493716338,232.3411131059246,482.5,154.87005722522736,0.25279720273086637,0.9957749906523746,11.736687140866326,0.9412319442779806,100.4319128215051,0.9984455097304281,kertas
108.18980548430437,103.2959760901429,99.78625793941615,260935.5,2105.355338215828,0.7397623441272013,0.0001916586042497732,310.15934307559417,0.9603395404468746,3910.3603898009424,0.181087608479919,kertas
175.96841049194336,172.01226425170898,178.25200271606445,261121.0,2044.0,0.7853981633974483,0.0020762820553286753,27.54782040551843,0.9905930828092974,1464.3252761669773,0.529218382778668,kertas
181.90391159057617,151.40010452270508,119.2845687866211,261121.0,2044.0,0.7853981633974483,0.0003888936040460438,172.71112618654587,0.9706441192982036,2941.6747289599807,0.23944980921949513,kertas
239.20000000000002,238.60000000000002,247.20000000000002,1.5,5.414213538169861,0.6430287075658971,0.9999387829413618,1.3073471154476755,0.39986064192100723,1.0890260860235865,0.9999746505279877,kertas
239.33333333333331,238.66666666666666,245.66666666666666,0.0,4.828427076339722,0.0,0.9999579156344587,1.0899613095437557,0.16642302497365788,0.6537856383913181,0.9999799143485989,kertas
240.0,239.0,247.0,0.0,0.0,0.0,0.999984696478579,0.4370787318786118,-3.825916949170517e-06,0.21853852982824168,0.9999923483293324,kertas
238.66666666666666,237.0,246.33333333333331,0.5,3.414213538169861,0.5390120920947209,0.9999598266572363,0.9698698823713432,0.24998991125809977,0.6465012039997275,0.9999818253997622,kertas
240.0,239.0,247.0,0.0,0.0,0.0,0.999984696478579,0.4370787318786118,-3.825916949170517e-06,0.21853852982824168,0.9999923483293324,kertas
170.44110762640557,159.6264705882353,159.5610533159948,260363.5,2220.4091609716415,0.6636268424332245,0.0009977963183567193,710.1793145923314,0.9187867220358528,4372.462818341776,0.26173154944313287,kertas
240.0,239.0,243.5,0.0,2.0,0.0,0.999971304170195,0.7649945937719007,0.12499330368473739,0.4370753874343548,0.9999866077064218,kertas
222.4757281553398,223.4757281553398,228.34951456310677,83.5,43.2132031917572,0.5619056772991905,0.999158484570921,5.044692102078036,0.8667220493570332,18.93006452978424,0.9996665873176667,kertas
239.0,238.75,243.0,1.0,4.0,0.7853981633974483,0.9999502602383882,1.0906489023527406,0.3749844027872399,0.8723268103545426,0.9999779024774194,kertas
237.0,238.0,243.5,0.0,2.0,0.0,0.999971304170195,0.758606357900169,0.12499330368473739,0.43342550455754614,0.9999866077083961,kertas
240.0,239.0,245.0,0.0,0.0,0.0,0.999984696478579,0.4370787318786118,-3.825916949170517e-06,0.21853852982824168,0.9999923483293324,kertas
214.78057553956836,215.9748201438849,230.17985611510792,222.5,117.69848430156708,0.20183577152490909,0.9975624130162632,17.424658927353722,0.8250346775946192,49.759553181373924,0.9988697904603476,kertas
239.0,240.0,241.66666666666666,0.5,3.414213538169861,0.5390120920947209,0.9999598267267932,0.9835339597112066,0.24999139068600174,0.6556105728183395,0.999982781871088,kertas
239.0,240.0,244.0,0.0,0.0,0.0,0.999984696478579,0.4407439462930979,-3.825916949170515e-06,0.22037113002410183,0.9999923483282184,kertas
239.0,240.0,243.0,0.0,0.0,0.0,0.999984696478579,0.4407439462930979,-3.825916949170515e-06,0.22037113002410183,0.9999923483282184,kertas
238.0285714285714,238.77142857142857,244.2,23.0,26.97056245803833,0.39733579647081785,0.9996518677523696,4.594523198775663,0.6990062710764714,7.631553604861519,0.9998841780591554,kertas
239.0,240.0,245.0,0.0,4.0,0.0,0.9999579120082436,1.1020752831062994,0.1666570999311195,0.6611083313376228,0.999980867080726,kertas
239.0,240.0,245.0,0.0,0.0,0.0,0.999984696478579,0.4407439462930979,-3.825916949170515e-06,0.22037113002410183,0.9999923483282184,kertas
239.52777777777777,238.77777777777777,246.19444444444443,16.0,45.455843687057495,0.09730841548447754,0.9995964020713352,7.306397304344777,0.5347769690238791,7.851774203803743,0.9998513560333017,kertas
240.0,239.0,244.0,0.0,0.0,0.0,0.999984696478579,0.4370787318786118,-3.825916949170517e-06,0.21853852982824168,0.9999923483293324,kertas
239.0,240.0,245.0,0.0,0.0,0.0,0.999984696478579,0.4407439462930979,-3.825916949170515e-06,0.22037113002410183,0.9999923483282184,kertas
238.8,239.4,245.9,3.5,12.242640614509583,0.293445670720228,0.9998813936096648,2.4135500983619664,0.449724026535715,2.1926478488162156,0.999950830596627,kertas
238.57142857142856,238.7142857142857,246.57142857142856,2.5,7.414213538169861,0.5715045502581996,0.9999177395348022,1.6361773679934304,0.4640342729662377,1.5260847792236374,0.9999679534292174,kertas
239.0,239.0,247.0,0.0,2.8284270763397217,0.0,0.9999713079099082,0.7647809678032406,0.12499330555470853,0.4370753874343548,0.9999866114462412,kertas
239.75,238.75,245.0,1.0,4.828427076339722,0.5390120952601716,0.9999483492961528,1.199794553907719,0.3123570784320628,0.8723191585499195,0.9999775217905781,kertas
239.64285714285714,238.64285714285714,246.42857142857142,7.5,13.071067690849304,0.5516314264215443,0.9998488778569771,2.503955137776165,0.5896032422131253,3.0502629577748226,0.9999488251225157,kertas
239.0,240.0,246.0,0.0,0.0,0.0,0.999984696478579,0.4407439462930979,-3.825916949170515e-06,0.22037113002410183,0.9999923483282184,kertas
240.0,239.0,245.0,0.0,0.0,0.0,0.999984696478579,0.4370787318786118,-3.825916949170517e-06,0.21853852982824168,0.9999923483293324,kertas
239.0,240.0,245.0,0.0,0.0,0.0,0.999984696478579,0.4407439462930979,-3.825916949170515e-06,0.22037113002410183,0.9999923483282184,kertas
240.0,239.0,247.0,0.0,0.0,0.0,0.999984696478579,0.4370787318786118,-3.825916949170517e-06,0.21853852982824168,0.9999923483293324,kertas
240.0,239.0,247.0,0.0,0.0,0.0,0.999984696478579,0.4370787318786118,-3.825916949170517e-06,0.21853852982824168,0.9999923483293324,kertas
239.375,238.5,244.5,1.5,13.071067571640015,0.11032628729667977,0.9998967001350623,2.394571883850064,0.31234600154125586,1.7409618184575049,0.9999545648774326,kertas
232.2418300653595,232.1372549019608,242.0326797385621,110.0,86.48528122901917,0.1848068843019313,0.9985752973440994,14.062228981756782,0.7774909177244499,31.590209970435282,0.9994691303394188,kertas
238.0,239.0,245.0,0.0,0.0,0.0,0.999984696478579,0.4370787318786118,-3.825916949170517e-06,0.21853852982824168,0.9999923483293324,kertas
239.0,239.0,248.0,0.0,0.0,0.0,0.999984696478579,0.4370787318786118,-3.825916949170517e-06,0.21853852982824168,0.9999923483293324,kertas
239.0,240.0,245.0,0.0,0.0,0.0,0.999984696478579,0.4407439462930979,-3.825916949170515e-06,0.22037113002410183,0.9999923483282184,kertas
239.0,240.0,245.0,0.0,0.0,0.0,0.999984696478579,0.4407439462930979,-3.825916949170515e-06,0.22037113002410183,0.9999923483282184,kertas
239.3125,238.25,243.9375,4.0,24.485281229019165,0.08384162020577943,0.9998048786769821,4.127412547427725,0.4061432437780756,3.4745559460554163,0.9999177346573165,kertas
239.0,240.0,245.0,0.0,0.0,0.0,0.999984696478579,0.4407439462930979,-3.825916949170515e-06,0.22037113002410183,0.9999923483282184,kertas
239.0,240.0,245.0,0.0,0.0,0.0,0.999984696478579,0.4407439462930979,-3.825916949170515e-06,0.22037113002410183,0.9999923483282184,kertas
240.0,239.0,245.0,0.0,0.0,0.0,0.999984696478579,0.4370787318786118,-3.825916949170517e-06,0.21853852982824168,0.9999923483293324,kertas
234.01923076923077,234.03846153846152,243.3782051282051,96.5,126.5269113779068,0.0757480337443119,0.9984414824585769,20.191597088849612,0.6911603269432053,32.681676837487316,0.9993637852958765,kertas
237.33333333333334,237.6,244.93333333333334,5.5,20.727921843528748,0.1608648019610912,0.999824013198763,3.4669656073896298,0.46496483093512103,3.23974883786644,0.9999223883172575,kertas
239.0,240.0,245.0,0.0,0.0,0.0,0.9999904371525548,0.27541111208979746,-2.3907278576912136e-06,0.13770518748789032,0.9999952186400914,kertas
217.15384615384616,217.26923076923077,226.76923076923077,15.5,21.071067571640015,0.43870085675366843,0.9997628047905118,2.6990060907916016,0.6939598251596935,4.400261913190448,0.999889140617475,kertas
187.58512070215122,188.4405807720796,197.46822558678528,249583.0,3233.141257047653,0.3000374775711748,0.0027428469670171206,380.4197647138145,0.9610275726622137,4879.69962527024,0.39618334419573437,kertas
138.85093688964844,139.11174774169922,149.39298248291016,261121.0,2044.0,0.7853981633974483,0.00012363994533084045,697.2694577201224,0.892906010478776,3255.3176580472064,0.11711229481538035,kertas
240.0,240.0,238.0,0.0,0.0,0.0,0.999984696478579,0.4370787318786118,-3.825916949170517e-06,0.21853852982824168,0.9999923483293324,kertas
238.5,238.5,236.5,0.0,2.8284270763397217,0.0,0.9999713078605245,0.7552156360820271,0.12499219754756245,0.43160821487985235,0.9999861327439399,kertas
240.0,240.0,238.0,0.0,2.0,0.0,0.999971304170195,0.7649945937719007,0.12499330368473739,0.4370753874343548,0.9999866077064218,kertas
240.0,240.0,238.0,0.0,0.0,0.0,0.999984696478579,0.4370787318786118,-3.825916949170517e-06,0.21853852982824168,0.9999923483293324,kertas
238.25,238.25,236.25,1.0,4.828427076339722,0.5390120952601716,0.9999483492284434,1.1848664328510536,0.3123354208509248,0.8614384595950939,0.9999758186847075,kertas
239.0,239.0,237.0,0.5,3.414213538169861,0.5390120920947209,0.999959826657229,0.975370628583109,0.24997815073097182,0.6501587248633192,0.9999810619005672,kertas
240.0,240.0,238.0,0.0,0.0,0.0,0.999984696478579,0.4370787318786118,-3.825916949170517e-06,0.21853852982824168,0.9999923483293324,kertas
240.0,240.0,238.0,0.0,2.0,0.0,0.999971304170195,0.7649945937719007,0.12499330368473739,0.4370753874343548,0.9999866077064218,kertas
240.0,240.0,238.0,0.0,5.656854152679443,0.0,0.9999579194582233,1.0924832037278693,0.16665710367109032,0.6556105728183395,0.9999808745631502,kertas
240.0,240.0,238.0,0.0,0.0,0.0,0.999984696478579,0.4370787318786118,-3.825916949170517e-06,0.21853852982824168,0.9999923483293324,kertas
239.4375,239.4375,237.4375,13.0,43.455843687057495,0.08650811405410161,0.9996308266315468,7.077357429751197,0.4915930390256727,6.959596619486685,0.9998537451950659,kertas
239.5,239.5,237.5,0.0,2.0,0.0,0.9999713041207754,0.7618014313766415,0.12499220494956088,0.43525044601058804,0.9999861299371058,kertas
239.0,239.0,239.0,0.0,2.8284270763397217,0.0,0.9999713078605245,0.7647981862335852,0.12498892904092562,0.43708303923897796,0.9999858455178143,kertas
239.75,239.75,237.75,3.5,7.414213538169861,0.8001063703614794,0.9999273094936086,1.147044770581694,0.6171830893887295,1.4993729174877386,0.9999751291818844,kertas
238.75,238.75,236.75,1.0,4.828427076339722,0.5390120952601716,0.9999483492339146,1.1907636442671694,0.3118097684300639,0.8650653593638027,0.9999753391525932,kertas
240.0,240.0,238.0,0.0,0.0,0.0,0.999984696478579,0.4370787318786118,-3.825916949170517e-06,0.21853852982824168,0.9999923483293324,kertas
238.85365853658539,238.85365853658539,236.85365853658539,20.0,44.14213538169861,0.1289832105660689,0.9995562213921918,7.348607426160908,0.585997870973818,8.873301030295941,0.9998126549791552,kertas
239.0,239.0,237.0,0.0,2.0,0.0,0.9999713041207754,0.7586235725906284,0.12498889031701395,0.4334331563621693,0.9999858432759234,kertas
238.5,238.5,236.5,0.0,2.0,0.0,0.9999713041207754,0.7554265880329426,0.12499219567761626,0.43160821487985235,0.9999861299390925,kertas
240.0,240.0,238.0,0.0,0.0,0.0,0.999984696478579,0.4370787318786118,-3.825916949170517e-06,0.21853852982824168,0.9999923483293324,kertas
240.0,240.0,238.0,0.0,0.0,0.0,0.999984696478579,0.4370787318786118,-3.825916949170517e-06,0.21853852982824168,0.9999923483293324,kertas
240.0,240.0,238.0,0.0,0.0,0.0,0.999984696478579,0.4370787318786118,-3.825916949170517e-06,0.21853852982824168,0.9999923483293324,kertas
240.0,240.0,240.0,0.0,0.0,0.0,0.999984696478579,0.4407439462930979,-3.825916949170515e-06,0.22037113002410183,0.9999923483282184,kertas
238.0,238.0,238.0,0.0,0.0,0.0,0.999984696478579,0.4334288210733721,-3.825916949170517e-06,0.2167135814077296,0.9999923483304604,kertas
238.0,238.0,238.0,0.0,2.8284270763397217,0.0,0.9999713078605243,0.7584117342869781,0.124988892186886,0.4334331563621693,0.9999858455197883,kertas
239.33333333333331,239.33333333333331,239.33333333333331,0.5,3.414213538169861,0.5390120920947209,0.9999598266572363,0.986284783473227,0.24998993588052937,0.657443159020709,0.9999818253946745,kertas
240.0,240.0,238.0,0.0,2.8284270763397217,0.0,0.9999770485326384,0.6008230368565961,0.1666614074196188,0.3550975200719525,0.9999894817576966,kertas
238.5,238.5,238.5,0.0,2.8284270763397217,0.0,0.9999713078605245,0.7615886992404862,0.1249922068195073,0.43525044601058804,0.9999861327419536,kertas
239.5,239.5,239.5,0.0,2.0,0.0,0.9999713041207754,0.7682030597764063,0.1249922141056075,0.4389079806334697,0.9999861299351436,kertas
239.64444444444445,239.64444444444445,237.64444444444445,21.0,58.42640554904938,0.07730557609483868,0.999502699110659,9.040353454059014,0.5308755495985373,9.64018934298475,0.9998161621990354,kertas
240.0,240.0,238.0,0.0,0.0,0.0,0.999984696478579,0.4370787318786118,-3.825916949170517e-06,0.21853852982824168,0.9999923483293324,kertas
239.25,239.25,237.25,0.0,18.970561981201172,0.0,0.999890974793964,2.714857636192847,0.21852308113012187,1.7373426265259317,0.9999487397350164,kertas
239.33333333333331,239.33333333333331,237.33333333333331,0.0,4.828427076339722,0.0,0.9999579156326254,1.086767126159903,0.16653973579433998,0.6519607039350215,0.9999803930548604,kertas
239.0,239.0,237.0,0.0,5.656854152679443,0.0,0.9999579193412376,1.0833755142491412,0.16665514221525005,0.6501434212540729,0.9999799171554331,kertas
239.6206896551724,239.6206896551724,237.6206896551724,12.5,40.52691149711609,0.09563852313508678,0.9996652636257839,6.427956052940973,0.4912182956946913,6.31689677081512,0.9998672413016688,kertas
239.5,239.5,237.5,0.0,7.656854152679443,0.0,0.9999445272414098,1.414013634663145,0.18774852521374696,0.8704942310903682,0.9999741774666359,kertas
238.85714285714283,238.85714285714283,236.85714285714283,0.0,16.14213514328003,0.0,0.9999043626456169,2.380743176774369,0.21421904336704947,1.5151582952068379,0.9999552434834829,kertas
239.72,239.72,237.72,26.0,51.79898953437805,0.12177009259641841,0.9994701636873965,8.35882308647739,0.6166284327537048,10.899922727476723,0.9997873548417372,kertas
240.0,240.0,238.0,0.0,2.0,0.0,0.999971304170195,0.7649945937719007,0.12499330368473739,0.4370753874343548,0.9999866077064218,kertas
240.0,240.0,238.0,1.0,4.828427076339722,0.5390120952601716,0.9999483493711594,1.2020733256505127,0.3124894776726279,0.8741440859801956,0.9999789560357542,kertas
239.66666666666666,239.66666666666666,237.66666666666666,1.0,10.485281109809875,0.1143009150705015,0.9999215728026913,1.8524607006904845,0.2915911558349191,1.3075562687346762,0.9999660480252424,kertas
240.0,240.0,238.0,0.0,0.0,0.0,0.999984696478579,0.4370787318786118,-3.825916949170517e-06,0.21853852982824168,0.9999923483293324,kertas
239.7142857142857,239.7142857142857,237.7142857142857,1.0,13.313708186149597,0.07089437800718422,0.9999081847132357,2.1801666353613363,0.2856295278176419,1.5260847792236374,0.9999593537316016,kertas
239.33333333333331,239.33333333333331,237.33333333333331,0.0,4.0,0.0,0.9999579119075783,1.0869789682034383,0.16653973392959626,0.6519607039350215,0.9999803893150415,kertas
238.04166666666666,238.04166666666666,236.04166666666666,19.5,71.15432751178741,0.04839960736537621,0.9994357576171732,11.079299911038607,0.46308981883190875,10.31715276335121,0.9997542212464092,kertas
240.0,240.0,238.0,0.0,0.0,0.0,0.999984696478579,0.4370787318786118,-3.825916949170517e-06,0.21853852982824168,0.9999923483293324,kertas
240.0,240.0,238.0,0.0,0.0,0.0,0.999984696478579,0.4370787318786118,-3.825916949170517e-06,0.21853852982824168,0.9999923483293324,kertas
240.0,240.0,238.0,0.0,0.0,0.0,0.999984696478579,0.4370787318786118,-3.825916949170517e-06,0.21853852982824168,0.9999923483293324,kertas
238.63636363636365,238.63636363636365,238.72727272727275,2.5,17.899494767189026,0.09805468012446618,0.9998718350284123,2.835946677677686,0.36533924492332054,2.2340456286803128,0.9999410557867808,kertas
237.1818181818182,237.1818181818182,237.1818181818182,0.0,23.313708305358887,0.0,0.99985079223297,3.6599493333849535,0.22707691189781148,2.3674643619487377,0.9999288935244117,kertas
235.60000000000002,235.60000000000002,235.60000000000002,0.0,8.0,0.0,0.9999311276733842,1.699364568114495,0.2000117157605697,1.061858874293312,0.9999663648749948,kertas
237.875,237.875,237.875,2.0,12.485281229019165,0.16122901519013072,0.9999215762952997,1.6254082664113334,0.4163068739646899,1.4074392315676594,0.9999644387452093,kertas
237.69696969696972,237.69696969696972,235.69696969696972,75.0,131.88224983215332,0.054187414895745974,0.9986651757298033,19.447762216274377,0.6477313367603774,27.64341833041455,0.9994153346908818,kertas
239.0,239.0,239.0,0.0,0.0,0.0,0.999984696478579,0.4370787318786118,-3.825916949170517e-06,0.21853852982824168,0.9999923483293324,kertas
240.0,240.0,238.0,0.0,0.0,0.0,0.999984696478579,0.4370787318786118,-3.825916949170517e-06,0.21853852982824168,0.9999923483293324,kertas
240.0,240.0,238.0,0.0,2.8284270763397217,0.0,0.9999713079099082,0.7647809678032406,0.12499330555470853,0.4370753874343548,0.9999866114462412,kertas
238.0,238.0,236.0,0.0,0.0,0.0,0.999984696478579,0.4297942138773787,-3.825916949170517e-06,0.21489628476256553,0.9999923483316027,kertas
240.0,240.0,238.0,0.0,2.8284270763397217,0.0,0.9999713079099082,0.7647809678032406,0.12499330555470853,0.4370753874343548,0.9999866114462413,kertas
240.0,240.0,238.0,0.0,0.0,0.0,0.999984696478579,0.4370787318786118,-3.825916949170517e-06,0.21853852982824168,0.9999923483293324,kertas
240.0,240.0,238.0,0.0,2.0,0.0,0.999971304170195,0.7649945937719007,0.12499330368473739,0.4370753874343548,0.9999866077064218,kertas
240.0,240.0,238.0,0.0,2.8284270763397217,0.0,0.9999713079099082,0.7647809678032406,0.12499330555470853,0.4370753874343548,0.9999866114462412,kertas
239.0,239.0,237.0,0.0,0.0,0.0,0.999984696478579,0.4334288210733721,-3.825916949170517e-06,0.2167135814077296,0.9999923483304604,kertas
240.0,240.0,238.0,0.0,0.0,0.0,0.999984696478579,0.4370787318786118,-3.825916949170517e-06,0.21853852982824168,0.9999923483293324,kertas
240.0,240.0,238.0,0.0,2.0,0.0,0.999971304170195,0.7649945937719007,0.12499330368473739,0.4370753874343548,0.9999866077064218,kertas
239.0,239.0,237.0,0.0,0.0,0.0,0.999984696478579,0.4334288210733721,-3.825916949170517e-06,0.2167135814077296,0.9999923483304604,kertas
240.0,240.0,238.0,0.0,0.0,0.0,0.999984696478579,0.4370787318786118,-3.825916949170517e-06,0.21853852982824168,0.9999923483293324,kertas
239.33333333333331,239.33333333333331,237.33333333333331,0.5,3.414213538169861,0.5390120920947209,0.9999598266572292,0.9780764353498953,0.24998552259809775,0.6519683557396445,0.9999812530078206,kertas
239.54545454545456,239.54545454545456,237.54545454545456,3.5,15.899494767189026,0.17398478072669757,0.9998833158581641,2.339779693250447,0.4521992434765315,2.1494743792874846,0.9999540889602782,kertas
238.33333333333331,238.33333333333331,236.33333333333331,1.0,8.828427076339722,0.16122901320758615,0.999921565184559,1.8329245364816504,0.29134933836490007,1.2930258261938963,0.9999641272267559,kertas
237.33333333333331,237.33333333333331,235.33333333333331,0.0,4.0,0.0,0.999957911861811,1.0684240600502257,0.1668828806545467,0.6410952664333198,0.9999795293344156,kertas
240.0,240.0,238.0,0.0,0.0,0.0,0.999984696478579,0.4370787318786118,-3.825916949170517e-06,0.21853852982824168,0.9999923483293324,kertas
239.75,239.75,239.0,0.0,6.828427076339722,0.0,0.9999445234651743,1.4233786955448813,0.18761668042378282,0.875984316990443,0.9999741737240188,kertas
240.0,240.0,240.0,0.0,0.0,0.0,0.999984696478579,0.4407439462930979,-3.825916949170515e-06,0.22037113002410183,0.9999923483282184,kertas
240.0,240.0,238.0,0.0,0.0,0.0,0.999984696478579,0.4370787318786118,-3.825916949170517e-06,0.21853852982824168,0.9999923483293324,kertas
240.0,240.0,238.0,0.0,2.8284270763397217,0.0,0.9999713079099082,0.7647809678032406,0.12499330555470853,0.4370753874343548,0.9999866114462413,kertas
240.0,240.0,238.0,0.0,0.0,0.0,0.999984696478579,0.4370787318786118,-3.825916949170517e-06,0.21853852982824168,0.9999923483293324,kertas
239.5,238.5,243.5,0.0,2.0,0.0,0.9999713041207754,0.7618014313766415,0.12499220494956088,0.43525044601058804,0.9999861299371057,kertas
240.0,240.0,238.0,0.0,0.0,0.0,0.999984696478579,0.4370787318786118,-3.825916949170517e-06,0.21853852982824168,0.9999923483293324,kertas
240.0,240.0,238.0,0.0,0.0,0.0,0.999984696478579,0.4370787318786118,-3.825916949170517e-06,0.21853852982824168,0.9999923483293324,kertas
240.0,240.0,238.0,0.0,0.0,0.0,0.999984696478579,0.4370787318786118,-3.825916949170517e-06,0.21853852982824168,0.9999923483293324,kertas
237.34848484848484,237.34848484848484,235.34848484848484,51.0,29.656854152679443,0.7286683015792045,0.9994032275008229,5.056845163048213,0.8207991751349893,14.106002528695722,0.9997524368492237,kertas
240.0,240.0,238.0,0.0,0.0,0.0,0.999984696478579,0.4370787318786118,-3.825916949170517e-06,0.21853852982824168,0.9999923483293324,kertas
240.0,240.0,238.0,0.0,0.0,0.0,0.999984696478579,0.4370787318786118,-3.825916949170517e-06,0.21853852982824168,0.9999923483293324,kertas
240.0,240.0,238.0,0.0,0.0,0.0,0.999984696478579,0.4370787318786118,-3.825916949170517e-06,0.21853852982824168,0.9999923483293324,kertas
239.5,239.5,237.5,0.0,2.0,0.0,0.9999713041207754,0.7618014313766415,0.12499220494956088,0.43525044601058804,0.9999861299371057,kertas
240.0,240.0,238.0,0.0,0.0,0.0,0.999984696478579,0.4370787318786118,-3.825916949170517e-06,0.21853852982824168,0.9999923483293324,kertas
239.0,239.0,237.0,0.0,0.0,0.0,0.999984696478579,0.4334288210733721,-3.825916949170517e-06,0.2167135814077296,0.9999923483304604,kertas
237.0,237.0,235.0,0.0,0.0,0.0,0.999984696478579,0.42617491029063154,-3.825916949170517e-06,0.21308663989274956,0.9999923483327596,kertas
239.0,239.0,237.0,0.0,0.0,0.0,0.999984696478579,0.4334288210733721,-3.825916949170517e-06,0.2167135814077296,0.9999923483304604,kertas
240.0,240.0,238.0,0.0,0.0,0.0,0.999984696478579,0.4370787318786118,-3.825916949170517e-06,0.21853852982824168,0.9999923483293324,kertas
240.0,240.0,238.0,0.0,0.0,0.0,0.999984696478579,0.4370787318786118,-3.825916949170517e-06,0.21853852982824168,0.9999923483293324,kertas
238.0,238.0,236.0,0.0,0.0,0.0,0.999984696478579,0.4297942138773787,-3.825916949170517e-06,0.21489628476256553,0.9999923483316027,kertas
237.0,237.0,235.0,0.0,0.0,0.0,0.999984696478579,0.42617491029063154,-3.825916949170517e-06,0.21308663989274956,0.9999923483327596,kertas
236.0,236.0,234.0,0.0,0.0,0.0,0.999984696478579,0.4225709103131307,-3.825916949170515e-06,0.21128464679828166,0.9999923483339312,kertas
240.0,240.0,238.0,0.0,0.0,0.0,0.999984696478579,0.4370787318786118,-3.825916949170517e-06,0.21853852982824168,0.9999923483293324,kertas
238.5,238.5,236.5,0.0,2.0,0.0,0.9999713041207754,0.7554265880329426,0.12499219567761626,0.43160821487985235,0.9999861299390925,kertas
239.5,239.5,237.5,0.0,2.0,0.0,0.9999713041207754,0.7618014313766415,0.12499220494956088,0.43525044601058804,0.9999861299371058,kertas
240.0,240.0,238.0,0.0,0.0,0.0,0.999984696478579,0.4370787318786118,-3.825916949170517e-06,0.21853852982824168,0.9999923483293324,kertas
238.5,238.5,236.5,0.0,2.8284270763397217,0.0,0.9999713078605245,0.7552156360820271,0.12499219754756245,0.43160821487985235,0.9999861327439399,kertas
236.33333333333331,236.33333333333331,234.33333333333331,0.0,4.828427076339722,0.0,0.999957915590546,1.0587490150638976,0.16723438461360107,0.6356816767988133,0.9999794919715613,kertas
237.66666666666666,237.66666666666666,235.66666666666666,0.0,4.828427076339722,0.0,0.999957915590546,1.0713488782200111,0.16676967711391463,0.6428895938467744,0.9999796276922852,kertas
239.5,239.5,237.5,0.0,2.0,0.0,0.9999713041207754,0.7618014313766415,0.12499220494956088,0.43525044601058804,0.9999861299371058,kertas
239.5,239.5,237.5,0.0,2.8284270763397217,0.0,0.9999713078605245,0.7615886992404862,0.1249922068195073,0.43525044601058804,0.9999861327419536,kertas
238.0,238.0,236.0,0.0,0.0,0.0,0.999984696478579,0.4297942138773787,-3.825916949170517e-06,0.21489628476256553,0.9999923483316027,kertas
168.22752127967956,169.4855588057027,174.7328774343163,150475.5,2937.3880735635757,0.21915581809082105,0.17879631263289247,625.33223768043,0.9670720279731064,9495.023489080982,0.6069179095434043,kertas
238.0,238.0,236.0,0.0,0.0,0.0,0.999984696478579,0.4297942138773787,-3.825916949170517e-06,0.21489628476256553,0.9999923483316027,kertas
239.66666666666666,239.66666666666666,237.66666666666666,0.0,4.828427076339722,0.0,0.9999579156344587,1.0899613095437557,0.16642302497365788,0.6537856383913181,0.9999799143485989,kertas
238.0,238.0,236.0,0.0,0.0,0.0,0.999984696478579,0.4297942138773787,-3.825916949170517e-06,0.21489628476256553,0.9999923483316027,kertas
239.0,239.0,237.0,0.0,0.0,0.0,0.999984696478579,0.4334288210733721,-3.825916949170517e-06,0.2167135814077296,0.9999923483304604,kertas
237.66666666666666,237.66666666666666,235.66666666666666,0.5,3.414213538169861,0.5390120920947209,0.999959826657229,0.9644285629315528,0.24998990291422615,0.6428742902375281,0.9999818263364582,kertas
237.66666666666666,237.66666666666666,235.66666666666666,0.0,4.0,0.0,0.9999579119075783,1.071997452809234,0.16641905312480487,0.6428819420421512,0.9999801026575836,kertas
239.0,239.0,237.0,0.0,0.0,0.0,0.999984696478579,0.4334288210733721,-3.825916949170517e-06,0.2167135814077296,0.9999923483304604,kertas
238.0,238.0,236.0,0.0,0.0,0.0,0.999984696478579,0.4297942138773787,-3.825916949170517e-06,0.21489628476256553,0.9999923483316027,kertas
240.0,240.0,238.0,0.0,0.0,0.0,0.999984696478579,0.4370787318786118,-3.825916949170517e-06,0.21853852982824168,0.9999923483293324,kertas
237.0,237.0,235.0,0.0,0.0,0.0,0.999984696478579,0.42617491029063154,-3.825916949170517e-06,0.21308663989274956,0.9999923483327596,kertas
239.0,239.0,237.0,0.0,2.0,0.0,0.999971304170195,0.758606357900169,0.12499330368473739,0.43342550455754614,0.9999866077083961,kertas
240.0,240.0,238.0,0.0,2.0,0.0,0.999971304170195,0.7649945937719007,0.12499330368473739,0.4370753874343548,0.9999866077064218,kertas
237.0,237.0,235.0,0.0,0.0,0.0,0.999984696478579,0.42617491029063154,-3.825916949170517e-06,0.21308663989274956,0.9999923483327596,kertas
239.5,239.5,237.5,0.0,2.0,0.0,0.9999713041207754,0.7618014313766415,0.12499220494956088,0.43525044601058804,0.9999861299371057,kertas
237.0,237.0,235.0,0.0,0.0,0.0,0.999984696478579,0.42617491029063154,-3.825916949170517e-06,0.21308663989274956,0.9999923483327596,kertas
239.0,239.0,237.0,0.0,0.0,0.0,0.999984696478579,0.4334288210733721,-3.825916949170517e-06,0.2167135814077296,0.9999923483304604,kertas
239.0,239.0,237.0,0.0,0.0,0.0,0.999984696478579,0.4334288210733721,-3.825916949170517e-06,0.2167135814077296,0.9999923483304604,kertas
239.0,239.0,237.0,0.0,0.0,0.0,0.999984696478579,0.4334288210733721,-3.825916949170517e-06,0.2167135814077296,0.9999923483304604,kertas
238.0,238.0,236.0,0.0,0.0,0.0,0.999984696478579,0.4297942138773787,-3.825916949170517e-06,0.21489628476256553,0.9999923483316027,kertas
240.0,240.0,238.0,0.0,2.0,0.0,0.999971304170195,0.7649945937719007,0.12499330368473739,0.4370753874343548,0.9999866077064218,kertas
239.5,239.5,237.5,0.0,2.0,0.0,0.9999713041207754,0.7618014313766415,0.12499220494956088,0.43525044601058804,0.9999861299371058,kertas
239.0,239.0,237.0,0.0,2.8284270763397217,0.0,0.9999713079099082,0.7583945158566334,0.12499330555470853,0.43342550455754614,0.9999866114482151,kertas
239.5,239.5,237.5,0.0,2.0,0.0,0.9999713041207754,0.7618014313766415,0.12499220494956088,0.43525044601058804,0.9999861299371058,kertas
240.0,240.0,238.0,0.0,0.0,0.0,0.999984696478579,0.4370787318786118,-3.825916949170517e-06,0.21853852982824168,0.9999923483293324,kertas
239.25,239.25,237.25,1.0,4.828427076339722,0.5390120952601716,0.9999483492961527,1.1952829212498708,0.31208236391703564,0.8686922590154114,0.9999763743953104,kertas
238.0,238.0,236.0,0.0,4.828427076339722,0.0,0.9999579156344587,1.07651326291858,0.16520334799847747,0.6447757428864316,0.9999790095787984,kertas
238.7142857142857,238.7142857142857,236.7142857142857,0.5,13.071067571640015,0.03677542909889326,0.9999062659900859,2.269299201358039,0.25027443697918433,1.5133486921418435,0.9999560013387138,kertas
240.0,240.0,238.0,0.0,0.0,0.0,0.999984696478579,0.4370787318786118,-3.825916949170517e-06,0.21853852982824168,0.9999923483293324,kertas
240.0,240.0,238.0,0.0,0.0,0.0,0.999984696478579,0.4370787318786118,-3.825916949170517e-06,0.21853852982824168,0.9999923483293324,kertas
240.0,240.0,238.0,0.0,0.0,0.0,0.999984696478579,0.4370787318786118,-3.825916949170517e-06,0.21853852982824168,0.9999923483293324,kertas
240.0,240.0,238.0,0.0,0.0,0.0,0.999984696478579,0.4370787318786118,-3.825916949170517e-06,0.21853852982824168,0.9999923483293324,kertas
239.0,239.0,237.0,1.0,4.828427076339722,0.5390120952601716,0.999948349272356,1.1912230666948942,0.3129948083904702,0.8668902869111793,0.9999771556145862,kertas
237.0,237.0,235.0,0.0,0.0,0.0,0.999984696478579,0.42617491029063154,-3.825916949170517e-06,0.21308663989274956,0.9999923483327596,kertas
238.27272727272728,238.27272727272728,236.27272727272728,1.0,22.14213526248932,0.025631313648263373,0.9998546215636537,3.446204754273402,0.27273259427199775,2.3692815891534,0.9999318061552015,kertas
240.0,240.0,238.0,0.0,0.0,0.0,0.999984696478579,0.4370787318786118,-3.825916949170517e-06,0.21853852982824168,0.9999923483293324,kertas
239.0,239.0,237.0,0.0,0.0,0.0,0.999984696478579,0.4334288210733721,-3.825916949170517e-06,0.2167135814077296,0.9999923483304604,kertas
238.4,238.4,236.4,1.5,6.2426406145095825,0.48368704557039216,0.9999368718544985,1.4020271462990337,0.34984491169226933,1.0781454288735823,0.9999708284036168,kertas
240.0,240.0,238.0,0.0,2.8284270763397217,0.0,0.9999713079099082,0.7647809678032406,0.12499330555470853,0.4370753874343548,0.9999866114462413,kertas
237.20000000000002,237.20000000000002,235.20000000000002,0.0,10.485281229019165,0.0,0.9999311388007246,1.7082055589171303,0.19964002778461254,1.0672800742789212,0.999966908737328,kertas
240.0,240.0,238.0,0.0,0.0,0.0,0.999984696478579,0.4370787318786118,-3.825916949170517e-06,0.21853852982824168,0.9999923483293324,kertas
240.0,240.0,238.0,0.0,2.0,0.0,0.999971304170195,0.7649945937719007,0.12499330368473739,0.4370753874343548,0.9999866077064218,kertas
240.0,240.0,238.0,0.0,0.0,0.0,0.999984696478579,0.4370787318786118,-3.825916949170517e-06,0.21853852982824168,0.9999923483293324,kertas
240.0,240.0,238.0,0.0,2.0,0.0,0.999971304170195,0.7649945937719007,0.12499330368473739,0.4370753874343548,0.9999866077064218,kertas
240.0,240.0,238.0,0.0,0.0,0.0,0.999984696478579,0.4370787318786118,-3.825916949170517e-06,0.21853852982824168,0.9999923483293324,kertas
240.0,240.0,238.0,0.0,0.0,0.0,0.999984696478579,0.4370787318786118,-3.825916949170517e-06,0.21853852982824168,0.9999923483293324,kertas
240.0,240.0,238.0,0.0,0.0,0.0,0.999984696478579,0.4370787318786118,-3.825916949170517e-06,0.21853852982824168,0.9999923483293324,kertas
238.0,238.0,236.0,0.0,0.0,0.0,0.999984696478579,0.4297942138773787,-3.825916949170517e-06,0.21489628476256553,0.9999923483316027,kertas
239.0,239.0,237.0,0.0,0.0,0.0,0.999984696478579,0.4334288210733721,-3.825916949170517e-06,0.2167135814077296,0.9999923483304604,kertas
238.66666666666666,238.66666666666666,236.66666666666666,0.0,4.828427076339722,0.0,0.9999579156326254,1.0808642001995723,0.1664200704040775,0.6483261385438494,0.9999801063945345,kertas
239.0,239.0,237.0,0.0,0.0,0.0,0.999984696478579,0.4334288210733721,-3.825916949170517e-06,0.2167135814077296,0.9999923483304604,kertas
237.0,237.0,235.0,0.0,2.0,0.0,0.9999713041207754,0.7459791000867414,0.12497535070702882,0.4262022564988593,0.9999857083801365,kertas
238.33333333333331,238.33333333333331,236.33333333333331,0.0,4.828427076339722,0.0,0.9999579156326254,1.0776672156418865,0.16653923783006552,0.6465012039997275,0.9999803930577037,kertas
240.0,240.0,238.0,0.0,0.0,0.0,0.999984696478579,0.4370787318786118,-3.825916949170517e-06,0.21853852982824168,0.9999923483293324,kertas
240.0,240.0,238.0,0.0,0.0,0.0,0.999984696478579,0.4370787318786118,-3.825916949170517e-06,0.21853852982824168,0.9999923483293324,kertas
240.0,240.0,238.0,0.0,0.0,0.0,0.999984696478579,0.4370787318786118,-3.825916949170517e-06,0.21853852982824168,0.9999923483293324,kertas
238.0,238.0,236.0,0.0,2.8284270763397217,0.0,0.9999713078605243,0.7521037152077006,0.12497550374813217,0.42982153239137605,0.9999857103579833,kertas
239.0,239.0,237.0,0.0,0.0,0.0,0.999984696478579,0.4334288210733721,-3.825916949170517e-06,0.2167135814077296,0.9999923483304604,kertas
240.0,240.0,238.0,0.0,2.8284270763397217,0.0,0.9999713079099082,0.7647809678032406,0.12499330555470853,0.4370753874343548,0.9999866114462412,kertas
238.5,238.5,236.5,0.0,2.8284270763397217,0.0,0.9999713078605245,0.7552500729427163,0.12498333384396297,0.43162351848909863,0.9999857497797455,kertas
240.0,240.0,238.0,0.0,0.0,0.0,0.999984696478579,0.4370787318786118,-3.825916949170517e-06,0.21853852982824168,0.9999923483293324,kertas
238.375,238.375,236.375,1.5,13.071067571640015,0.11032628729667977,0.9998966999409717,2.373869773106864,0.3118637936327833,1.7246984092571302,0.9999522854961481,kertas
239.0,239.0,237.0,0.0,0.0,0.0,0.999984696478579,0.4334288210733721,-3.825916949170517e-06,0.2167135814077296,0.9999923483304604,kertas
238.33333333333331,238.33333333333331,236.33333333333331,0.0,11.656854152679443,0.0,0.9999177432102581,2.048958721782718,0.20772535343897675,1.2930181743892732,0.9999611673624165,kertas
238.0,238.0,236.0,0.0,0.0,0.0,0.999984696478579,0.4297942138773787,-3.825916949170517e-06,0.21489628476256553,0.9999923483316027,kertas
239.0,239.0,237.0,0.0,0.0,0.0,0.999984696478579,0.4334288210733721,-3.825916949170517e-06,0.2167135814077296,0.9999923483304604,kertas
240.0,240.0,238.0,0.0,0.0,0.0,0.999984696478579,0.4370787318786118,-3.825916949170517e-06,0.21853852982824168,0.9999923483293324,kertas
239.0,239.0,237.0,0.0,0.0,0.0,0.999984696478579,0.4334288210733721,-3.825916949170517e-06,0.2167135814077296,0.9999923483304604,kertas
240.0,240.0,238.0,0.0,0.0,0.0,0.999984696478579,0.4370787318786118,-3.825916949170517e-06,0.21853852982824168,0.9999923483293324,kertas
240.0,240.0,238.0,0.0,0.0,0.0,0.999984696478579,0.4370787318786118,-3.825916949170517e-06,0.21853852982824168,0.9999923483293324,kertas
240.0,240.0,238.0,0.0,0.0,0.0,0.999984696478579,0.4370787318786118,-3.825916949170517e-06,0.21853852982824168,0.9999923483293324,kertas
240.0,240.0,238.0,0.0,0.0,0.0,0.999984696478579,0.4370787318786118,-3.825916949170517e-06,0.21853852982824168,0.9999923483293324,kertas
240.0,240.0,238.0,0.0,0.0,0.0,0.999984696478579,0.4370787318786118,-3.825916949170517e-06,0.21853852982824168,0.9999923483293324,kertas
239.5,239.5,237.5,0.0,2.8284270763397217,0.0,0.9999713078605245,0.7615886992404862,0.1249922068195073,0.43525044601058804,0.9999861327419536,kertas
239.125,239.125,237.125,2.0,11.656854152679443,0.1849597093244486,0.9998986108650532,2.276341748802519,0.3442810981741267,1.7355177269069864,0.9999555207614352,kertas
240.0,240.0,238.0,0.0,0.0,0.0,0.999984696478579,0.4370787318786118,-3.825916949170517e-06,0.21853852982824168,0.9999923483293324,kertas
239.0,239.0,237.0,0.0,0.0,0.0,0.999984696478579,0.4334288210733721,-3.825916949170517e-06,0.2167135814077296,0.9999923483304604,kertas
239.33333333333331,239.33333333333331,237.33333333333331,2.0,7.656854152679443,0.42868581205178113,0.9999253947588815,1.6300617061570595,0.3749797835208483,1.3039217453239758,0.9999682451420291,kertas
240.0,240.0,238.0,0.0,0.0,0.0,0.999984696478579,0.4370787318786118,-3.825916949170517e-06,0.21853852982824168,0.9999923483293324,kertas
240.0,240.0,238.0,0.0,0.0,0.0,0.999984696478579,0.4370787318786118,-3.825916949170517e-06,0.21853852982824168,0.9999923483293324,kertas
240.0,240.0,238.0,0.0,4.828427076339722,0.0,0.9999579157186245,1.0926968296965294,0.1666571018011049,0.6556105728183395,0.9999808708233309,kertas
240.0,240.0,238.0,0.0,0.0,0.0,0.999984696478579,0.4370787318786118,-3.825916949170517e-06,0.21853852982824168,0.9999923483293324,kertas
239.0,239.0,237.0,0.0,0.0,0.0,0.999984696478579,0.4334288210733721,-3.825916949170517e-06,0.2167135814077296,0.9999923483304604,kertas
239.5,239.5,237.5,0.0,2.8284270763397217,0.0,0.9999713078605245,0.7615886992404861,0.1249922068195073,0.43525044601058804,0.9999861327419536,kertas
239.66666666666666,239.66666666666666,237.66666666666666,0.0,4.828427076339722,0.0,0.9999579156326254,1.0895036673012704,0.16677267729431947,0.6537856383913181,0.9999803930540146,kertas
240.0,240.0,238.0,0.0,0.0,0.0,0.999984696478579,0.4370787318786118,-3.825916949170517e-06,0.21853852982824168,0.9999923483293324,kertas
240.0,240.0,238.0,0.0,0.0,0.0,0.999984696478579,0.4370787318786118,-3.825916949170517e-06,0.21853852982824168,0.9999923483293324,kertas
240.0,240.0,238.0,0.0,0.0,0.0,0.999984696478579,0.4370787318786118,-3.825916949170517e-06,0.21853852982824168,0.9999923483293324,kertas
239.33333333333331,239.33333333333331,237.33333333333331,0.0,4.828427076339722,0.0,0.9999579156326326,1.086766236067283,0.16653973580217504,0.6519607039350215,0.9999803921198893,kertas
235.0,235.0,233.0,0.0,0.0,0.0,0.999984696478579,0.4189822139448761,-3.825916949170517e-06,0.2094903054791618,0.999992348335118,kertas
238.7142857142857,238.7142857142857,236.7142857142857,1.5,10.242640614509583,0.17967069736490696,0.9999120027359154,1.943121140588319,0.35810902201662737,1.5134252101880747,0.9999618004964068,kertas
239.0,239.0,237.0,0.0,0.0,0.0,0.999984696478579,0.4334288210733721,-3.825916949170517e-06,0.2167135814077296,0.9999923483304604,kertas
237.5,237.5,235.5,0.0,2.0,0.0,0.9999713041207754,0.7491818178880673,0.12496537175787624,0.4280271980690015,0.9999856889224401,kertas
239.5,239.5,237.5,1.0,4.828427076339722,0.5390120952601716,0.9999483492851031,1.197529298109162,0.3122213795700238,0.8705018828949912,0.999976662739718,kertas
238.0,238.0,236.0,0.0,0.0,0.0,0.999984696478579,0.4297942138773787,-3.825916949170517e-06,0.21489628476256553,0.9999923483316027,kertas
239.0,239.0,237.0,0.0,0.0,0.0,0.999984696478579,0.4334288210733721,-3.825916949170517e-06,0.2167135814077296,0.9999923483304604,kertas
240.0,240.0,238.0,0.0,0.0,0.0,0.999984696478579,0.4370787318786118,-3.825916949170517e-06,0.21853852982824168,0.9999923483293324,kertas
235.0,242.0,241.0,0.0,0.0,0.0,0.999984696478579,0.4407439462930979,-3.825916949170515e-06,0.22037113002410183,0.9999923483282184,kertas
233.0,240.0,246.0,0.0,0.0,0.0,0.999984696478579,0.4334288210733721,-3.825916949170517e-06,0.2167135814077296,0.9999923483304604,kertas
241.0,239.0,242.0,0.0,0.0,0.0,0.999984696478579,0.4370787318786118,-3.825916949170517e-06,0.21853852982824168,0.9999923483293324,kertas
126.68354430379746,160.34177215189874,194.74683544303798,60.0,41.79898953437805,0.43154843721710756,0.9993458823716926,4.326044371102142,0.7082860054118955,7.405560631141736,0.9996901233737253,kertas
245.26666666666665,237.86666666666667,219.33333333333334,8.0,12.828427076339722,0.6108759556927862,0.9998584432142743,2.0014784475815333,0.6640854724588868,2.994924265295613,0.999944578258899,kertas
143.51026624117057,138.93382234772827,136.10981013384762,260232.5,2255.52185857296,0.6428021451573916,0.0001638847367220843,441.1296534509655,0.9294520397323298,3126.3264802718504,0.1758675312964542,kertas
230.66666666666666,236.66666666666666,234.66666666666666,0.5,3.414213538169861,0.5390120920947209,0.9999713078623504,0.6395684376208731,0.3312797688352626,0.47772409932126303,0.999986638978179,kertas
232.57142857142856,238.57142857142856,236.57142857142856,2.0,8.828427076339722,0.3224580264151723,0.9999426161124957,1.0279278227933601,0.5089231052444549,1.1006611982306143,0.9999723641638961,kertas
231.0,242.0,238.0,0.0,0.0,0.0,0.999984696478579,0.4370787318786118,-3.825916949170517e-06,0.21853852982824168,0.9999923483293324,kertas
240.0,240.0,240.0,0.0,0.0,0.0,0.999984696478579,0.4407439462930979,-3.825916949170515e-06,0.22037113002410183,0.9999923483282184,kertas
240.0,240.0,242.0,0.0,2.0,0.0,0.999971304170195,0.7714096146996987,0.12499330368473739,0.44074057380330944,0.9999866077044721,kertas
235.0,240.5,239.5,0.0,2.0,0.0,0.999971304170195,0.7649945937719007,0.12499330368473739,0.4370753874343548,0.9999866077064218,kertas
240.0,240.0,240.0,0.0,0.0,0.0,0.999984696478579,0.4407439462930979,-3.825916949170515e-06,0.22037113002410183,0.9999923483282184,kertas
240.0,240.0,240.0,0.0,0.0,0.0,0.999984696478579,0.4407439462930979,-3.825916949170515e-06,0.22037113002410183,0.9999923483282184,kertas
240.0,240.0,240.0,0.0,0.0,0.0,0.999984696478579,0.4407439462930979,-3.825916949170515e-06,0.22037113002410183,0.9999923483282184,kertas
237.0,237.0,237.0,0.0,0.0,0.0,0.999984696478579,0.4297942138773787,-3.825916949170517e-06,0.21489628476256553,0.9999923483316027,kertas
240.0,240.0,240.0,0.0,0.0,0.0,0.999984696478579,0.4407439462930979,-3.825916949170515e-06,0.22037113002410183,0.9999923483282184,kertas
232.0,232.0,232.0,0.0,0.0,0.0,0.999984696478579,0.4118507320361059,-3.825916949170517e-06,0.20592457816696624,0.9999923483375376,kertas
235.83333333333331,237.0,233.83333333333331,2.0,7.656854152679443,0.42868581205178113,0.9999253945501176,1.5931460646776303,0.3780347427370855,1.280649323312768,0.9999650663456234,kertas
233.5,239.5,237.5,0.0,2.0,0.0,0.9999713041207754,0.7554610174138618,0.12498333197421559,0.43162351848909863,0.9999857477228751,kertas
234.0,240.0,238.0,0.0,0.0,0.0,0.999984696478579,0.4334288210733721,-3.825916949170517e-06,0.2167135814077296,0.9999923483304604,kertas
230.33333333333331,236.33333333333331,234.33333333333331,0.5,3.414213538169861,0.5390120920947209,0.9999598266572363,0.9457795293537288,0.24991704504906298,0.6303828639701781,0.9999809071912652,kertas
235.0,240.0,244.0,0.0,0.0,0.0,0.999984696478579,0.4370787318786118,-3.825916949170517e-06,0.21853852982824168,0.9999923483293324,kertas
227.5,230.5,232.0,0.0,2.0,0.0,0.9999713041207754,0.7053921033017261,0.12499211708495801,0.4030212915512211,0.9999861299559337,kertas
235.0,238.0,232.0,0.0,0.0,0.0,0.999984696478579,0.42617491029063154,-3.825916949170517e-06,0.21308663989274956,0.9999923483327596,kertas
240.0,241.0,235.0,0.0,0.0,0.0,0.999984696478579,0.4407439462930979,-3.825916949170515e-06,0.22037113002410183,0.9999923483282184,kertas
234.66666666666666,232.66666666666666,230.66666666666666,0.5,3.414213538169861,0.5390120920947209,0.9999598266224541,0.9296108847167597,0.24994353899866045,0.6196245496253945,0.9999804546792503,kertas
238.0,239.0,233.0,0.0,0.0,0.0,0.999984696478579,0.4334288210733721,-3.825916949170517e-06,0.2167135814077296,0.9999923483304604,kertas
228.0,233.0,237.66666666666666,0.0,4.0,0.0,0.9999751336860031,0.5693418652176577,0.16439345672250408,0.38616535628313564,0.99998759110864,kertas
231.0,239.0,242.0,0.0,0.0,0.0,0.999984696478579,0.4297942138773787,-3.825916949170517e-06,0.21489628476256553,0.9999923483316027,kertas
229.8448275862069,236.0344827586207,243.1206896551724,39.0,40.14213538169861,0.30413999080458526,0.9994873890213294,5.254658099642383,0.7724937663885283,11.531468618592873,0.9997901274567734,kertas
233.88888888888889,238.88888888888889,240.33333333333331,0.0,16.0,0.0,0.9998833009788713,2.856534764938357,0.2353017773099772,1.8589436447243703,0.9999460422378198,kertas
232.3777777777778,237.66666666666669,239.55555555555557,22.5,47.55634891986847,0.1250188133978589,0.9995141418003926,7.920967281302298,0.5877313571989119,9.604559881783665,0.9997859606780755,kertas
240.0,240.0,240.0,0.0,0.0,0.0,0.999984696478579,0.4407439462930979,-3.825916949170515e-06,0.22037113002410183,0.9999923483282184,kertas
237.0,237.0,237.0,0.0,2.0,0.0,0.9999827854028155,0.42984010974557774,0.1249783720688226,0.26858655544280846,0.999991448999296,kertas
147.66860995561876,145.7370722315864,141.84010778294956,257228.0,3051.969684243202,0.34703052261888934,0.0010285116625384477,1741.2261016938166,0.8690637409099773,6649.436018666453,0.14456038254489506,kertas
234.5,239.5,240.0,1.0,4.0,0.7853981633974483,0.9999617414068727,0.7599869981403498,0.457854924575394,0.7049493182970508,0.9999839306983239,logam
238.0,239.75,241.5,0.0,6.0,0.0,0.9999502602968525,1.2555145276878341,0.21393131330877554,0.7910347674362086,0.9999770412318849,logam
215.17777777777778,216.66222222222223,218.44,189.0,75.79898953437805,0.41337559772093385,0.9982274861280849,7.63089793882374,0.9001106496857967,38.40752093327283,0.9992357361234655,logam
238.84615384615387,237.46153846153848,240.0,7.0,11.656854152679443,0.6473589826355701,0.9998603542077912,2.275954289241147,0.5942858334813235,2.804487936756831,0.9999415156733769,logam
229.0,243.42857142857142,237.42857142857142,2.5,7.414213538169861,0.5715045502581996,0.9999177393316455,1.6458812138338166,0.4640838419977266,1.5352781775190714,0.9999631323736211,logam
231.57142857142856,240.14285714285714,235.2142857142857,7.5,11.41421353816986,0.723401060657387,0.9998526992129421,2.288984198028644,0.6208459034233749,3.0178440173890575,0.9999338722349896,logam
238.66666666666666,240.0,235.66666666666666,0.0,4.0,0.0,0.9999579120082436,1.0929104556651899,0.16665709993111952,0.6556105728183395,0.9999808670835114,logam
235.9,241.4,223.5,4.5,9.41421353816986,0.6380493753606354,0.999889044695165,1.9642492092686434,0.5488063995374333,2.1762544869864695,0.9999528178303636,logam
241.75,240.75,230.25,1.0,4.0,0.7853981633974483,0.9999502602896553,1.0997869447377844,0.3749888022391047,0.879641823509243,0.999979432835541,logam
237.75,240.0,239.75,2.5,9.41421353816986,0.354471875200353,0.9999043475577464,1.9682313901529367,0.43662773287219553,1.7464518205722863,0.9999602056088022,logam
242.20000000000002,237.60000000000002,241.0,1.5,5.414213538169861,0.6430287075658971,0.9999387829267171,1.3059961268853808,0.3994786153087558,1.0872088173361285,0.9999728335053115,logam
238.73333333333332,234.73333333333332,224.66666666666666,8.0,12.828427076339722,0.6108759556927862,0.9998756640936797,1.5072500961000839,0.7156345321183258,2.6935639360762047,0.9999470206356091,logam
231.83333333333331,233.5,236.25,6.5,10.242640614509583,0.7785730219145969,0.999871830963257,2.0054837671340584,0.5972960646251645,2.4896528766538815,0.9999394158670306,logam
237.20000000000002,237.60000000000002,240.0,1.5,5.414213538169861,0.6430287075658971,0.999938782844356,1.2906698576761348,0.3995292168600417,1.074541498336583,0.9999706775702943,logam
230.75,227.0,240.75,6.5,10.242640614509583,0.7785730219145969,0.9998947924598355,1.3647561446908234,0.6788243272224527,2.1159211164100595,0.9999490106642153,logam
243.33333333333331,239.0,239.33333333333331,0.5,3.414213538169861,0.5390120920947209,0.9999598266572363,0.9862847834732269,0.24998993588052937,0.657443159020709,0.9999818253946746,logam
235.75,239.0,242.0,0.0,6.0,0.0,0.9999445197438008,1.4094602686290552,0.18722109925307975,0.8668673314973099,0.9999738842613738,logam
239.25,239.25,239.5,1.0,4.0,0.7853981633974483,0.9999502602383882,1.0929276703556492,0.3749860566088719,0.8741517377848187,0.999978189699879,logam
239.5,238.0,238.5,0.0,2.0,0.0,0.9999713041207754,0.7586235725906284,0.12498889031701395,0.4334331563621693,0.9999858432759234,logam
241.8,237.8,238.20000000000002,1.5,5.414213538169861,0.6430287075658971,0.9999387828937613,1.301443306874495,0.39956093542720345,1.0835666280687644,0.9999728329457478,logam
235.23529411764704,235.23529411764704,233.1764705882353,8.0,16.82842707633972,0.3549872875066383,0.9998144397882168,3.0760402796679984,0.5704415622487596,3.5796333881359774,0.9999215249027367,logam
228.65671641791045,224.86567164179104,224.44776119402985,53.0,30.142135500907898,0.7330569202499202,0.999395584861791,5.071828133257666,0.8049018573416231,12.996112366107823,0.9997241661177452,logam
240.0,243.0,228.0,0.0,0.0,0.0,0.999984696478579,0.44442446431683014,-3.825916949170516e-06,0.22221138199531004,0.9999923483271184,logam
238.625,238.75,234.75,3.0,8.0,0.5890486225480862,0.9999081732440827,1.733267691121884,0.4991902292346947,1.7300430278744994,0.9999644121695022,logam
228.91358024691357,229.61728395061726,196.7037037037037,123.0,89.25483310222626,0.19402222961145096,0.9985676986948839,12.811099280317482,0.797700926870279,31.679879413128177,0.9993945381559979,logam
243.0,240.0,231.0,0.0,0.0,0.0,0.999984696478579,0.4370787318786118,-3.825916949170517e-06,0.21853852982824168,0.9999923483293324,logam
234.83333333333331,236.5,228.5,2.0,6.0,0.6981317007977318,0.9999292165664622,1.379741257854357,0.45673943418473123,1.2695850621975229,0.9999673016109341,logam
234.83333333333331,238.33333333333331,241.16666666666666,2.0,6.0,0.6981317007977318,0.9999292166012586,1.4036167956198946,0.45736099373640493,1.2930334779985193,0.9999683753983097,logam
231.66666666666666,234.33333333333331,239.0,2.0,6.0,0.6981317007977318,0.9999292165664623,1.359581591245055,0.4562399266379981,1.2498859438026897,0.9999670833201169,logam
235.54545454545456,236.9090909090909,235.0909090909091,5.5,9.41421353816986,0.7798381254407766,0.9998813933114142,1.9284322898914679,0.5884189974078949,2.342206821320534,0.9999473619275813,logam
239.20000000000002,239.0,239.0,1.5,5.414213538169861,0.6430287075658971,0.9999387828736453,1.3110525037063756,0.39917888566147564,1.0908739619002619,0.999971590553014,logam
235.20833333333331,235.20833333333331,235.20833333333331,16.0,15.656854152679443,0.8202020201250877,0.9997647120875253,2.9348218983009793,0.710956397072265,5.0758789748240645,0.9998982474684605,logam
236.0,238.54545454545456,235.45454545454547,5.0,11.656854152679443,0.4623992733111215,0.9999100991115426,1.3050041934582053,0.647859884382223,1.88705004308536,0.9999620466983756,logam
236.5,239.5,244.5,0.0,2.0,0.0,0.9999713041207754,0.7618014313766415,0.12499220494956088,0.43525044601058804,0.9999861299371058,logam
237.0,240.0,233.20000000000002,1.5,5.414213538169861,0.6430287075658971,0.9999387828443559,1.3010334977606166,0.3997625515265588,1.0835895834826337,0.9999718383565085,logam
234.875,236.875,233.375,8.5,14.242640614509583,0.5265598703836083,0.9998297456855538,2.683430900449409,0.6061594679518567,3.40609181782262,0.9999280188039548,logam
242.0,238.5,239.5,0.0,2.0,0.0,0.9999713041207754,0.7618014313766415,0.12499220494956088,0.43525044601058804,0.9999861299371057,logam
235.75,237.75,234.5,1.0,4.828427076339722,0.5390120952601716,0.9999483492210818,1.180314933019558,0.3120721788976962,0.8578039079046617,0.999975818686134,logam
232.26086956521738,237.08695652173913,238.56521739130434,14.0,16.82842707633972,0.621227753136617,0.9998087143585707,2.011411093973795,0.7659309705939217,4.3397232397122405,0.9999211583091383,logam
239.125,238.875,228.625,3.0,8.828427076339722,0.4836870396227584,0.9999062622779289,1.8375005923977774,0.46848545287962357,1.7282563871615693,0.999958961883205,logam
236.0,237.0,239.0,0.0,4.0,0.0,0.999957911861811,1.0661138022159746,0.16630050170614594,0.6392626799674745,0.999979624889159,logam
233.85714285714283,239.7142857142857,241.85714285714283,2.5,8.242640614509583,0.46239927377703227,0.9999387903546906,1.0905522151069333,0.540738868287102,1.193686638050825,0.9999728526004206,logam
230.52631578947367,226.94736842105263,223.18421052631578,27.0,22.485281109809875,0.671084155713609,0.9996901301582798,2.4559643150499433,0.8206807994384504,6.861342345898502,0.9998597904952137,logam
236.5,230.60000000000002,234.0,5.0,8.828427076339722,0.8061450660379307,0.9999139210657634,1.1611181558908514,0.6668694012127374,1.749343586615377,0.9999597215995406,logam
231.125,230.25,232.5,18.5,27.899494767189026,0.298668152181011,0.999697770040492,4.005083917333822,0.6752183754911774,6.151792690690735,0.9998700983099024,logam
233.0,239.0,239.0,0.0,2.0,0.0,0.9999770447617666,0.5923944562578268,0.1661879853206866,0.3498658201203059,0.9999887135880926,logam
234.55555555555554,235.55555555555554,238.33333333333331,4.0,8.0,0.7853981633974483,0.999917743058397,1.239313602233854,0.6269347146240689,1.667726575014105,0.9999622155065339,logam
248.33333333333331,238.33333333333331,216.33333333333331,0.5,3.414213538169861,0.5390120920947209,0.9999713078532055,0.6515354729733772,0.3334330954113081,0.48870003886689584,0.9999864188099898,logam
167.98968377765172,163.37245541060062,149.2025863427239,251976.5,4156.407405376434,0.18328785273905707,0.0009961570027415762,676.1632400656391,0.9333177659148896,5071.035319287119,0.16790059590230796,logam
99.90205383300781,99.86797714233398,81.94663619995117,261121.0,2044.0,0.7853981633974483,0.00014328300237475186,346.03706913009813,0.955147569184775,3856.6460827527126,0.13782750990799528,logam
129.18277362234775,113.61776064722945,89.83750572431691,260983.5,2123.0121924877167,0.7276423008060796,0.00014600136929462243,278.8283676325165,0.9540600573750994,3034.6272175067584,0.145418526746717,logam
112.23739669815824,86.05258898749881,79.2457295543468,260920.0,2117.9411249160767,0.7309530241905025,0.0005645958839250358,227.75663371257076,0.9644443207196081,3202.3240641139764,0.24869938387625717,logam
104.58451741399834,98.24980159335794,94.00723039589755,261057.0,2072.426406145096,0.7638128709551794,9.357303547449062e-05,960.7109994175358,0.8842197211488051,4148.844595439974,0.10683782044272941,logam
94.34891920251836,80.02339406658399,71.71705046265382,261020.0,2118.7695519924164,0.7306614642966922,0.00010844526818328332,1153.3940369550155,0.8273081246633462,3339.4002296340104,0.08838162172294628,logam
117.45889825659025,93.9064357379926,83.56805401899821,261104.5,2051.0710676908493,0.7799428905772947,0.00017491945886814237,215.1242132160923,0.9751227767412212,4323.502875327897,0.16572418758995522,logam
116.00867997188178,107.92369876829976,111.0523778232831,260674.0,2184.651801466942,0.6863460296420822,0.0024675111462149745,606.5907479644258,0.9603005120724618,7639.761279158154,0.22655340564095486,logam
165.7037124633789,168.98881149291992,168.73713302612305,261121.0,2044.0,0.7853981633974483,0.006589354089692443,282.061877105331,0.9724832763777987,5125.012318450136,0.40651963618815956,logam
123.5096664428711,119.60113906860352,115.34774017333984,261121.0,2044.0,0.7853981633974483,0.0021706225557789538,374.6675959208687,0.9204916472587024,2357.6811683379833,0.5398775912777413,plastik
252.0,233.0,223.0,0.0,0.0,0.0,0.999984696478579,0.42617491029063154,-3.825916949170517e-06,0.21308663989274956,0.9999923483327596,plastik
254.0,236.0,225.0,0.0,0.0,0.0,0.999984696478579,0.4370787318786118,-3.825916949170517e-06,0.21853852982824168,0.9999923483293324,plastik
254.0,235.0,224.0,0.0,0.0,0.0,0.999984696478579,0.4334288210733721,-3.825916949170517e-06,0.2167135814077296,0.9999923483304604,plastik
248.0,231.5,223.0,0.0,2.0,0.0,0.9999713041207754,0.7334761971880372,0.12495221983684662,0.4190478742133793,0.999985678001484,plastik
181.7045052006626,160.41722358449786,139.10246395495184,260258.0,2367.9310190677643,0.583278352758192,0.0002762760349248064,275.4151652873573,0.941919034128429,2370.938458180647,0.2187868710872747,plastik
175.78271484375,179.7748908996582,155.44851303100586,261121.0,2044.0,0.7853981633974483,0.0046546218560422625,123.14401199876274,0.9652298637789636,1770.6819704975023,0.46052713373717125,plastik
172.3536086302403,155.1035445082899,167.510376271433,260122.0,2229.1370828151703,0.6578295757040165,0.0003732394496602608,140.81517431132568,0.9792874666298022,3399.91553724177,0.2779495082357448,plastik
242.5,238.25,235.5,1.0,4.0,0.7853981633974483,0.999961741417851,0.7622715068666681,0.4576209252427381,0.7067742510331749,0.9999836431004655,plastik
240.5,236.0,233.5,0.0,2.0,0.0,0.9999770447617666,0.5874117308612434,0.16618595984429357,0.3469225053326842,0.999988713589678,plastik
239.42056074766353,236.4392523364486,233.69158878504672,80.5,58.870057106018066,0.2918883961444526,0.9990437413679267,8.811328658681584,0.8028853039904007,22.382986180569688,0.9996750417445464,plastik
141.15529234314764,124.21857689200932,96.94798194604485,260094.0,2297.8477598428726,0.6190100414495658,0.0004001486316785253,112.59712945728468,0.9777675797588923,2532.436182397118,0.2670242346391779,plastik
156.82632064819336,156.62296295166016,156.07207870483398,261121.0,2044.0,0.7853981633974483,0.0004122092897339045,304.05690418030304,0.9391522356032034,2498.583066656509,0.18822491066471375,plastik
235.66666666666666,240.33333333333331,240.33333333333331,0.5,3.414213538169861,0.5390120920947209,0.9999598266572363,0.9807984395584328,0.24998992773657439,0.6537856383913181,0.999981825396356,plastik
234.42857142857142,239.28571428571428,240.64285714285714,4.5,19.071067690849304,0.15547922333054187,0.9998335714158815,3.3667512536393565,0.4442557566996271,3.02857126325711,0.999925049348908,plastik
241.0,231.21052631578945,239.6315789473684,12.0,13.656854152679443,0.8085181381420813,0.9998087069205636,2.561111949177776,0.6768467909161362,3.9620575565930496,0.9999142670716529,plastik
242.57142857142856,234.14285714285714,243.28571428571428,2.5,7.414213538169861,0.5715045502581996,0.9999177393481233,1.6026955505062785,0.46288174854336633,1.4916487566876975,0.9999638005032239,plastik
236.66666666666666,239.33333333333331,242.66666666666666,0.5,3.414213538169861,0.5390120920947209,0.999959826657229,0.9807975457259279,0.2499899277444204,0.6537856383913181,0.9999818263313277,plastik
176.32608695652172,192.52173913043478,207.1086956521739,26.5,39.071067690849304,0.21814495789386948,0.9996212720528306,3.7001504114412,0.682523342670311,5.9487520850566185,0.999815543715593,plastik
251.0,241.0,205.0,0.0,0.0,0.0,0.999984696478579,0.4407439462930979,-3.825916949170515e-06,0.22037113002410183,0.9999923483282184,plastik
219.21621621621622,222.34054054054056,222.4,150.5,78.18376541137695,0.3093949341963394,0.9983631556814029,12.520976805293332,0.8233326791338453,35.43132634172193,0.9992743467426285,plastik
223.42105263157893,224.89473684210526,228.05263157894737,9.5,18.242640614509583,0.35872204301436156,0.9998412334264258,1.9211393534091954,0.6806122821893434,3.0966324036296795,0.9999253743627081,plastik
248.0,241.0,213.0,0.0,0.0,0.0,0.999984696478579,0.4407439462930979,-3.825916949170515e-06,0.22037113002410183,0.9999923483282184,plastik
250.0,242.0,197.0,0.0,0.0,0.0,0.999984696478579,0.4407439462930979,-3.825916949170515e-06,0.22037113002410183,0.9999923483282184,plastik
247.0,240.0,198.0,0.0,0.0,0.0,0.999984696478579,0.4334288210733721,-3.825916949170517e-06,0.2167135814077296,0.9999923483304604,plastik
250.0,242.0,202.0,0.0,2.0,0.0,0.999971304170195,0.7714096146996987,0.12499330368473739,0.44074057380330944,0.9999866077044721,plastik
251.5,242.0,202.0,0.0,2.0,0.0,0.999971304170195,0.7778514206835625,0.1249933036847374,0.44442106366441,0.9999866077025467,plastik
248.0,243.0,206.0,0.0,0.0,0.0,0.999984696478579,0.44442446431683014,-3.825916949170516e-06,0.22221138199531004,0.9999923483271184,plastik
251.5,242.0,192.0,0.0,2.0,0.0,0.999971304170195,0.7714096146996987,0.12499330368473739,0.44074057380330944,0.9999866077044721,plastik
250.5,241.5,200.5,0.0,2.0,0.0,0.9999713041207754,0.7682030597764063,0.1249922141056075,0.4389079806334697,0.9999861299351436,plastik
254.0,242.0,197.0,0.0,0.0,0.0,0.999984696478579,0.44442446431683014,-3.825916949170516e-06,0.22221138199531004,0.9999923483271184,plastik
151.7411534025375,143.41353325643985,141.62129950019224,258963.5,2330.2325348854065,0.5993077541992302,0.0001757798027086317,505.1068155872903,0.9482991184874374,4885.2820087079,0.1406894756213175,plastik
105.53053327329206,135.47901481441906,131.29873073782065,260999.5,2093.355338215828,0.7484514444601309,0.00045719910783704207,99.27433468531171,0.9812304330866896,2644.586039540067,0.3010075904702668,plastik
123.8611945367745,174.7439771335239,206.94656602160717,261002.5,2092.6690467596054,0.748951043269249,0.00026544884644208683,207.99700588363197,0.9280294243536921,1444.9961700591266,0.16355395380496876,plastik
224.27272727272728,245.27272727272728,250.45454545454547,4.5,12.242640614509583,0.37728729092600743,0.9999081844497313,1.4417832004846414,0.6191859487852913,1.9395595906191183,0.9999690089373775,plastik
237.0,242.0,241.0,0.0,0.0,0.0,0.999984696478579,0.4407439462930979,-3.825916949170515e-06,0.22037113002410183,0.9999923483282184,plastik
240.5,236.5,253.0,0.0,2.0,0.0,0.9999713041207754,0.7618014313766415,0.12499220494956088,0.43525044601058804,0.9999861299371057,plastik
240.1578947368421,220.56842105263158,238.83157894736843,70.0,54.627416491508484,0.29477223915081896,0.9991871575259637,6.882543669589482,0.8058328446043785,17.700611926084857,0.9996422677278339,plastik
231.1226158038147,238.76021798365122,243.50136239782015,311.5,117.69848430156708,0.2825700801348728,0.9970371756351639,14.245300432513208,0.9066408447348562,76.26521170167968,0.9992493524432016,plastik
230.57142857142856,241.68367346938774,251.7755102040816,65.5,74.18376553058624,0.14956618485133638,0.9990380062586315,12.19931398243056,0.7161516453505486,21.485936869372495,0.9996961012064364,plastik
231.0810810810811,241.2702702702703,253.83783783783784,21.5,33.55634891986847,0.23993793721236295,0.9996155223510786,5.825815669657218,0.6413929509162954,8.121497123428787,0.9998696159118508,plastik
235.0,239.0,250.0,0.0,0.0,0.0,0.999984696478579,0.4334288210733721,-3.825916949170517e-06,0.2167135814077296,0.9999923483304604,plastik
236.0,240.0,249.0,0.0,2.0,0.0,0.999971304170195,0.7649945937719007,0.12499330368473739,0.4370753874343548,0.9999866077064218,plastik
236.0,241.0,246.0,0.0,2.0,0.0,0.999971304170195,0.7714096146996987,0.12499330368473739,0.44074057380330944,0.9999866077044721,plastik
238.35113386978787,229.9239209948793,245.07242136064374,1259.5,247.37972331047058,0.25863055810377367,0.988915000360554,38.40928998792705,0.9314908481011677,280.2810673616634,0.9969279339175928,plastik
229.6393897364771,237.67961165048544,244.72676837725382,637.5,183.63960909843445,0.23755125755812023,0.9939681312829223,29.92510665703113,0.9023423549248151,153.18182929936012,0.9983432704623332,plastik
236.5625,239.5625,245.625,7.5,16.242640614509583,0.35723817086994286,0.9998240062800166,3.0488297817690366,0.562501148231679,3.483657209305588,0.999936957513696,plastik
234.0,242.0,245.0,0.0,0.0,0.0,0.999984696478579,0.4407439462930979,-3.825916949170515e-06,0.22037113002410183,0.9999923483282184,plastik
236.0,241.0,244.0,0.0,0.0,0.0,0.999984696478579,0.4407439462930979,-3.825916949170515e-06,0.22037113002410183,0.9999923483282184,plastik
234.0,241.0,245.0,0.0,0.0,0.0,0.999984696478579,0.4370787318786118,-3.825916949170517e-06,0.21853852982824168,0.9999923483293324,plastik
112.46862128722846,112.79765445532583,109.07847902309273,246939.0,2463.6711341142654,0.5112508922574739,0.0037359927286519275,289.64903578809617,0.9768422882907367,6253.092334622797,0.409734453300995,plastik
